timestamp,open,high,low,close,volume
2025-10-16 13:01:07.513790+00:00,42064.26313943428,42099.87281202407,41958.09772088871,42056.74924576801,645.1973374211984
2025-10-16 13:02:07.513790+00:00,42009.56766435761,42024.853578276045,41971.42745960759,41996.023232446045,244.6132359336001
2025-10-16 13:03:07.513790+00:00,42069.27054139921,42096.46071539294,41979.593998936565,42079.12335586346,172.21037109547797
2025-10-16 13:04:07.513790+00:00,42255.3679635919,42353.605825282764,42232.75261711704,42243.956507333845,458.07003914116746
2025-10-16 13:05:07.513790+00:00,42276.44853049008,42358.15573758501,42240.26191704745,42266.052199751946,253.79882865105924
2025-10-16 13:06:07.513790+00:00,42222.952113460065,42304.70167968178,42165.790844513074,42249.02539038038,351.98118429425574
2025-10-16 13:07:07.513790+00:00,42390.95836633756,42423.32628997799,42290.169804012476,42332.71344787412,556.8493408160095
2025-10-16 13:08:07.513790+00:00,42414.993519175165,42476.05552341933,42373.37317308354,42402.23622840757,623.114399280351
2025-10-16 13:09:07.513790+00:00,42359.24137886758,42445.1780607808,42354.059025185335,42391.91911752564,402.9438503745285
2025-10-16 13:10:07.513790+00:00,42411.502579392654,42510.49860263165,42372.163224248565,42404.398608746036,828.8870012691714
2025-10-16 13:11:07.513790+00:00,42377.18340789389,42495.89240062888,42317.61953383311,42419.86961463991,524.4185696951425
2025-10-16 13:12:07.513790+00:00,42346.33045847521,42439.28337289999,42256.97125293601,42340.033193714786,968.5242195998613
2025-10-16 13:13:07.513790+00:00,42341.77231656564,42496.26338741955,42323.64900994908,42402.42934173745,159.84664063009973
2025-10-16 13:14:07.513790+00:00,42212.12663468031,42296.309512356136,42181.48464340667,42195.4618810693,815.7405806739011
2025-10-16 13:15:07.513790+00:00,41985.68551850478,42002.11209829788,41900.43090876344,41981.88838078658,698.6774986265801
2025-10-16 13:16:07.513790+00:00,41961.60057605281,42049.32063013413,41905.932571246,41945.17708198826,834.9394955244194
2025-10-16 13:17:07.513790+00:00,41851.92441239949,41898.19239096645,41815.56757706854,41845.70536448496,772.848442158626
2025-10-16 13:18:07.513790+00:00,41889.707693811244,41979.6651511387,41824.267802179354,41862.656924316674,589.1975750025897
2025-10-16 13:19:07.513790+00:00,41839.28045834632,41850.970262417155,41717.073834479925,41811.05704684127,664.9372477642761
2025-10-16 13:20:07.513790+00:00,41640.893438582054,41720.295957509086,41559.32280878983,41621.33008438268,580.1149827786894
2025-10-16 13:21:07.513790+00:00,41843.357012313594,41858.52450028687,41801.655268351395,41832.82747513095,323.64022583301914
2025-10-16 13:22:07.513790+00:00,41805.78475321711,41862.77372170424,41658.497498859346,41734.74336743342,889.0890730855745
2025-10-16 13:23:07.513790+00:00,41772.35111930023,41831.331848591355,41687.705890126774,41820.26867489584,214.73979609878415
2025-10-16 13:24:07.513790+00:00,41635.39685486333,41690.38940512013,41612.47171534006,41675.39766238525,750.0273115537597
2025-10-16 13:25:07.513790+00:00,41613.23350700938,41682.62835145609,41551.072172308544,41605.344616643306,326.6191530162575
2025-10-16 13:26:07.513790+00:00,41586.89171167615,41677.73676780951,41512.14270452929,41570.4818840059,460.7662750872759
2025-10-16 13:27:07.513790+00:00,41483.42333494794,41547.28622885632,41424.800351746264,41531.95108854471,555.2998109960195
2025-10-16 13:28:07.513790+00:00,41535.93797996156,41623.150370855976,41383.39174655182,41476.60357480018,608.619865230288
2025-10-16 13:29:07.513790+00:00,41484.393769813905,41577.70248897529,41469.13986552248,41506.97862554395,618.6595241501318
2025-10-16 13:30:07.513790+00:00,41446.230817085176,41519.87524064765,41334.53567810023,41427.97237957713,933.0116616160986
2025-10-16 13:31:07.513790+00:00,41370.47258836436,41468.95670826059,41252.82264716343,41336.712455808025,212.19641308294015
2025-10-16 13:32:07.513790+00:00,41602.700657936584,41654.58446364919,41538.47856230657,41597.60610588106,459.10243348311724
2025-10-16 13:33:07.513790+00:00,41514.74291108325,41623.07181622544,41514.27970878279,41542.78647136564,400.14925452202976
2025-10-16 13:34:07.513790+00:00,41443.31252366455,41549.22077624052,41408.67792422795,41457.23521459925,412.2578817066049
2025-10-16 13:35:07.513790+00:00,41559.50027032675,41581.96075262075,41485.727987991486,41530.97193960476,226.7713183418199
2025-10-16 13:36:07.513790+00:00,41381.3044791693,41455.39510274308,41289.81988906249,41413.50255779263,426.1545092049698
2025-10-16 13:37:07.513790+00:00,41442.610975046955,41449.08801446994,41376.25723784528,41447.7785688111,260.2323701827763
2025-10-16 13:38:07.513790+00:00,41284.692159378115,41326.15457175082,41194.91643359862,41203.451400406484,997.1868266613526
2025-10-16 13:39:07.513790+00:00,41105.98602377446,41122.01267221218,41030.98997673454,41115.30502447334,288.91503378602715
2025-10-16 13:40:07.513790+00:00,41165.258075272315,41184.326847338685,41092.31164359164,41095.96661037645,524.8602505989993
2025-10-16 13:41:07.513790+00:00,41205.78341765404,41283.336179323545,41110.541284795814,41155.870168270616,571.951242394822
2025-10-16 13:42:07.513790+00:00,41210.5124071406,41266.47644027142,41190.988413941246,41206.512438534315,263.73531744574404
2025-10-16 13:43:07.513790+00:00,41241.04986630931,41286.81378204929,41213.97539899495,41249.482850421315,679.5995889151142
2025-10-16 13:44:07.513790+00:00,41165.63435175884,41181.249611495456,41055.70234733033,41127.299570215066,693.0315477191363
2025-10-16 13:45:07.513790+00:00,40979.61833486263,41022.213431464384,40912.429060502756,40999.10595180558,117.73948397892774
2025-10-16 13:46:07.513790+00:00,40915.33517297127,41002.770389515565,40850.06056218608,40984.91592331013,314.36450294205383
2025-10-16 13:47:07.513790+00:00,40868.80457695277,40955.404349962344,40783.23493014214,40883.17765677678,847.1978781102924
2025-10-16 13:48:07.513790+00:00,41004.291013260576,41051.87960349738,40974.97624023447,41031.38117395579,906.7022366690078
2025-10-16 13:49:07.513790+00:00,41000.23468160665,41028.273967855625,40997.58146121927,41007.485342341024,263.2918915808176
2025-10-16 13:50:07.513790+00:00,40880.93462981627,40970.20180092397,40783.0285726047,40864.77292877855,407.63561652808835
2025-10-16 13:51:07.513790+00:00,40880.981214001906,40952.03760572698,40854.17484991962,40893.0081114755,661.7340170642207
2025-10-16 13:52:07.513790+00:00,40857.47180783627,40915.34801361587,40828.02523188208,40871.73536070234,953.607976265941
2025-10-16 13:53:07.513790+00:00,40825.199022002525,40912.04581959232,40714.10664033824,40762.8497601632,905.0970042046823
2025-10-16 13:54:07.513790+00:00,40889.991597065375,40892.23852789739,40825.659685979066,40852.52742191756,587.4707931947803
2025-10-16 13:55:07.513790+00:00,40976.45384570285,40990.38945311013,40855.40176858363,40938.894792263556,985.9619626331969
2025-10-16 13:56:07.513790+00:00,41058.803053862124,41086.03378651406,41021.56289656193,41023.40196421668,922.8689259044492
2025-10-16 13:57:07.513790+00:00,40934.08739159861,41007.369452929735,40878.66959134703,40979.96393086101,686.2783495166778
2025-10-16 13:58:07.513790+00:00,40974.36522609519,40975.46480896104,40898.344609893655,40912.033172900534,910.0167776632945
2025-10-16 13:59:07.513790+00:00,41011.90639662108,41071.958082664445,40917.75503162723,40984.25869908186,257.83415076110464
2025-10-16 14:00:07.513790+00:00,41113.513096169554,41151.8269489945,41012.05718353799,41063.94895406627,142.26937009754954
2025-10-16 14:01:07.513790+00:00,40990.782814668135,41056.23770622769,40930.467603721496,41047.95783943517,320.81419871318883
2025-10-16 14:02:07.513790+00:00,40994.518141530345,41030.08541317684,40912.553363284795,40984.45795380322,367.4095440608575
2025-10-16 14:03:07.513790+00:00,40901.595546755234,40967.9626632915,40798.87714901298,40892.560122945455,759.3148874892253
2025-10-16 14:04:07.513790+00:00,40746.828458176555,40773.054862606536,40668.94494075358,40728.45273382361,146.2832321358253
2025-10-16 14:05:07.513790+00:00,40856.223627277024,40899.69567653028,40779.13240690244,40866.27128744859,195.93842782039462
2025-10-16 14:06:07.513790+00:00,40949.72478358757,41064.57901265496,40880.8845439448,41015.029881034345,491.34460474337163
2025-10-16 14:07:07.513790+00:00,40959.65019657986,41096.861812920266,40890.18054949442,41016.920225023365,344.9306235069664
2025-10-16 14:08:07.513790+00:00,41094.38634973206,41103.54455706473,40979.72931519293,41071.46067273916,223.13676782706526
2025-10-16 14:09:07.513790+00:00,41166.550620931994,41185.06391381586,41061.93736810787,41116.12746284571,885.6512522887674
2025-10-16 14:10:07.513790+00:00,41080.23739873036,41153.54936154662,41011.00974227857,41087.67102487555,864.2760864087874
2025-10-16 14:11:07.513790+00:00,41068.12127152616,41114.21791118651,40969.354470726495,41092.09696700455,949.653405717952
2025-10-16 14:12:07.513790+00:00,41200.90080842369,41360.04047627997,41182.843273910956,41267.515644538405,611.1507074973665
2025-10-16 14:13:07.513790+00:00,41284.924353134644,41354.66637985933,41167.03522049717,41196.770121234425,931.9565758388774
2025-10-16 14:14:07.513790+00:00,41446.94571347378,41494.36713513953,41358.06227276966,41444.26653786859,860.0944586815633
2025-10-16 14:15:07.513790+00:00,41119.7754258726,41174.457689434894,41060.14843802439,41170.756925963346,307.00795355893274
2025-10-16 14:16:07.513790+00:00,41182.11231756352,41251.741195151335,41143.763452771906,41177.750949148714,752.2900943758854
2025-10-16 14:17:07.513790+00:00,41185.29596988951,41264.2384988302,41106.223653405614,41210.28936959267,386.8772526388629
2025-10-16 14:18:07.513790+00:00,41211.448738406725,41299.04369440488,41188.15279093136,41237.457375586644,121.96070340088421
2025-10-16 14:19:07.513790+00:00,41245.045565806664,41332.51573307508,41107.268906098885,41160.16261950161,945.1609286616066
2025-10-16 14:20:07.513790+00:00,41039.15711053385,41094.14337955499,40962.43828164074,41059.07219800982,461.73782224831797
2025-10-16 14:21:07.513790+00:00,40985.299160203125,41087.42985591321,40886.89081328319,41000.06214449457,791.4460724780664
2025-10-16 14:22:07.513790+00:00,41014.79953354064,41088.916785710506,40990.921818963805,41015.158555551614,199.4267018182552
2025-10-16 14:23:07.513790+00:00,41156.27447556214,41185.90528760774,41126.17538385848,41149.53615896347,137.8838706727257
2025-10-16 14:24:07.513790+00:00,41070.77263144404,41210.53479031788,41032.33996672807,41167.757476944294,711.6825544237629
2025-10-16 14:25:07.513790+00:00,41009.961266467886,41161.76649751796,41001.02016623666,41083.1319960764,475.8226982064355
2025-10-16 14:26:07.513790+00:00,41025.87200407914,41079.17352667705,40964.53086515806,41032.433375552064,250.3305514828677
2025-10-16 14:27:07.513790+00:00,41128.61724770683,41222.89042512034,40987.70289033224,41052.66755523148,646.9631153909733
2025-10-16 14:28:07.513790+00:00,41113.64434716075,41131.2971503613,41063.393856323855,41085.44247723087,267.7944359298291
2025-10-16 14:29:07.513790+00:00,41087.35792303907,41093.142190695406,40947.501738584986,41044.41200159907,895.4072964670831
2025-10-16 14:30:07.513790+00:00,41153.501447313254,41177.60652618032,41113.87724542299,41160.217001258374,782.4146281336822
2025-10-16 14:31:07.513790+00:00,41140.036035733916,41221.619348232976,41063.37950737885,41085.82356456252,301.4358533403608
2025-10-16 14:32:07.513790+00:00,41220.99591527116,41284.60108724977,41211.847231531385,41226.59246646599,889.7147763673423
2025-10-16 14:33:07.513790+00:00,41123.65316785296,41212.527975839854,41014.47950589939,41110.04465572237,875.9148555389056
2025-10-16 14:34:07.513790+00:00,41145.278556406796,41200.36429346771,41121.15247100707,41129.85114699821,467.60789176362886
2025-10-16 14:35:07.513790+00:00,41062.38498532232,41134.72699669118,41001.50393848925,41051.091511997125,172.94159431688314
2025-10-16 14:36:07.513790+00:00,40900.78295900287,40954.70360112288,40815.662267597996,40947.09051517385,545.6318743125769
2025-10-16 14:37:07.513790+00:00,40956.435324247,41050.08554157281,40921.654403456785,40967.61744498029,710.2145373031572
2025-10-16 14:38:07.513790+00:00,40991.05539013191,41078.91838876742,40881.44241858857,40961.18502074927,692.606651192583
2025-10-16 14:39:07.513790+00:00,41020.051712306005,41092.55925716407,40936.35037946964,41021.72295949256,727.7243155023552
2025-10-16 14:40:07.513790+00:00,40979.54890323509,41054.82056719085,40957.53545335127,40973.39596388058,892.7836832790356
2025-10-16 14:41:07.513790+00:00,40857.18210462854,40939.76377968502,40760.03549341013,40772.922480157475,401.6069688332277
2025-10-16 14:42:07.513790+00:00,40802.284045206645,40884.08074761855,40660.79579138654,40744.00920918232,556.7209603847525
2025-10-16 14:43:07.513790+00:00,40694.30035509649,40784.05827307988,40596.18173729375,40722.3655812423,668.6321743150015
2025-10-16 14:44:07.513790+00:00,40639.41439910906,40730.83314928419,40561.42985959395,40676.8346113126,196.28257494426256
2025-10-16 14:45:07.513790+00:00,40673.408260086246,40769.70746047214,40617.244911099784,40651.43212770365,669.3597038205534
2025-10-16 14:46:07.513790+00:00,40730.913366068504,40824.636214792146,40579.17295608649,40647.96152831657,161.0533531946547
2025-10-16 14:47:07.513790+00:00,40856.42550233323,40903.88141464996,40798.2084563156,40897.14635450308,411.29475125766106
2025-10-16 14:48:07.513790+00:00,40905.87847869848,40993.03215931372,40751.01223338524,40848.36113030298,971.9900697571223
2025-10-16 14:49:07.513790+00:00,40944.507149168305,41020.33346876121,40880.09189836119,40882.55059000707,119.91119637609754
2025-10-16 14:50:07.513790+00:00,40894.45839633235,40988.002435238646,40826.128858671706,40910.961693457866,501.3124357390735
2025-10-16 14:51:07.513790+00:00,40697.582919515655,40812.550833126865,40652.44421708269,40769.932702903265,247.26143907250227
2025-10-16 14:52:07.513790+00:00,40747.04982021756,40769.12678149644,40728.698983359136,40736.93708792072,712.4493718672418
2025-10-16 14:53:07.513790+00:00,40739.04300776478,40834.12936398982,40685.8120498584,40700.91783903649,489.1013209383417
2025-10-16 14:54:07.513790+00:00,41014.27768960196,41078.130284368366,40922.12938948153,40961.888829277814,346.793682113803
2025-10-16 14:55:07.513790+00:00,40999.07776590307,41088.487686270986,40918.61794114948,40941.61340173859,291.794233622575
2025-10-16 14:56:07.513790+00:00,40933.9481436289,41032.85405225041,40847.512318644935,40996.00141787803,525.8889160224014
2025-10-16 14:57:07.513790+00:00,41024.182901161395,41111.045217956955,40868.25642466106,40945.91610994023,793.8296601796468
2025-10-16 14:58:07.513790+00:00,40894.974077419654,40957.596109582795,40873.47366593403,40886.59815370227,129.2735615421267
2025-10-16 14:59:07.513790+00:00,41016.862820841045,41096.516549938664,40938.2908323603,40986.44306751155,205.57737006615503
2025-10-16 15:00:07.513790+00:00,41012.4899185484,41111.55845754099,40992.43744587837,41068.527868051046,542.4350920672932
2025-10-16 15:01:07.513790+00:00,41085.495427739974,41164.17101466741,41005.73951767626,41137.2716742239,379.3257630312164
2025-10-16 15:02:07.513790+00:00,41033.65780346116,41040.90249224062,40950.04848690312,40989.29784254379,531.9449512454112
2025-10-16 15:03:07.513790+00:00,41188.41727445852,41257.91546307118,41071.569237798605,41157.581477517524,801.8658900040148
2025-10-16 15:04:07.513790+00:00,40992.1919959022,41046.77382593496,40967.987494315945,41036.28080809314,987.9963339404318
2025-10-16 15:05:07.513790+00:00,41061.16537703754,41158.620211524336,40990.91887998313,41096.80463809252,603.6838151382227
2025-10-16 15:06:07.513790+00:00,41266.93847007031,41350.37868049125,41258.15182015583,41298.607516152784,415.5642380882627
2025-10-16 15:07:07.513790+00:00,41170.228063694456,41214.45793015098,41156.95648829015,41174.765602530824,610.7867634354023
2025-10-16 15:08:07.513790+00:00,41179.224476768766,41210.35167419043,41162.47621854286,41190.33664976595,194.11105630096023
2025-10-16 15:09:07.513790+00:00,41183.886141318166,41194.049303495056,41090.2649166938,41190.89068901249,146.77415528632517
2025-10-16 15:10:07.513790+00:00,41124.02518448229,41227.89851527189,41052.61649126905,41140.80160289728,821.5552747628126
2025-10-16 15:11:07.513790+00:00,40948.77422709985,41004.32320385869,40859.2925614938,40996.31171922022,592.8331385383626
2025-10-16 15:12:07.513790+00:00,41003.41528232242,41067.77305184207,40914.277067684394,40966.91733377801,758.4305695797987
2025-10-16 15:13:07.513790+00:00,40823.618132156626,40848.32845555764,40805.53587434131,40821.49034235263,884.6052099329816
2025-10-16 15:14:07.513790+00:00,40884.73577575289,40994.09048177611,40866.523984184016,40960.400902599,810.7286564282313
2025-10-16 15:15:07.513790+00:00,40836.74273114379,40892.279086237555,40748.77134741179,40820.69152523902,305.6092671981688
2025-10-16 15:16:07.513790+00:00,41025.49878570113,41090.53135433582,41003.39046521722,41023.344710310135,712.2054181881622
2025-10-16 15:17:07.513790+00:00,40854.75990575975,40880.528194610866,40804.34301940848,40850.60531508241,881.4452548675424
2025-10-16 15:18:07.513790+00:00,40888.0508202179,40932.15389880608,40853.4573209632,40889.60456536127,433.9348866861424
2025-10-16 15:19:07.513790+00:00,40995.45059135184,41082.15374096408,40842.82901326224,40900.69655411948,494.7538772706314
2025-10-16 15:20:07.513790+00:00,40846.12496937635,40933.46729318452,40732.19591107618,40822.26609747731,479.5488341861099
2025-10-16 15:21:07.513790+00:00,40824.02797651875,40946.81656421626,40802.961757618184,40855.58022965459,660.6699252071345
2025-10-16 15:22:07.513790+00:00,40990.21549423275,41013.52754297775,40918.63299776454,41000.370774465024,918.1292685990769
2025-10-16 15:23:07.513790+00:00,40784.27945965439,40887.20499066392,40766.181764383444,40790.06548125976,868.9465840326212
2025-10-16 15:24:07.513790+00:00,40834.002320265405,40921.077310392655,40764.96711656065,40809.49764206092,563.3356185367212
2025-10-16 15:25:07.513790+00:00,40846.68615098541,40886.41028644743,40807.57799732024,40870.057899188934,972.4710901017588
2025-10-16 15:26:07.513790+00:00,40914.75844449329,40987.13777409977,40837.41113192463,40954.618767677304,217.78629464651485
2025-10-16 15:27:07.513790+00:00,40862.23213464322,40885.83718097787,40803.27930954073,40810.62898427373,252.78211457878666
2025-10-16 15:28:07.513790+00:00,40685.18176368254,40768.0701002708,40623.81593410389,40666.90468647007,323.84284532886693
2025-10-16 15:29:07.513790+00:00,40747.11302404903,40772.780437867266,40730.3511024202,40756.07624707717,133.00428424018867
2025-10-16 15:30:07.513790+00:00,40788.737194218505,40836.200281793484,40697.06040057721,40781.47744547413,825.1031376550478
2025-10-16 15:31:07.513790+00:00,40798.68171418621,40847.55752680154,40787.48975224644,40826.973405797864,342.77465036529065
2025-10-16 15:32:07.513790+00:00,40780.49978430516,40921.56862072583,40776.56543023831,40827.908051496335,209.8989226090241
2025-10-16 15:33:07.513790+00:00,40752.00852936673,40831.79173878885,40701.28504849789,40800.176128291176,137.41557314535288
2025-10-16 15:34:07.513790+00:00,40744.8483163507,40925.18887819397,40744.354318257254,40828.67700855037,956.630606880915
2025-10-16 15:35:07.513790+00:00,40823.2332373659,40891.58705859974,40771.67363450798,40846.11307303635,539.9619222312282
2025-10-16 15:36:07.513790+00:00,40754.57252753632,40757.56988652359,40671.05823309822,40701.85122725734,734.212686462982
2025-10-16 15:37:07.513790+00:00,40894.648898108484,41038.79800083941,40885.25882652954,40941.80679622868,705.3419064026136
2025-10-16 15:38:07.513790+00:00,40966.221866917826,41026.37604936986,40896.95927169521,41008.66107042512,854.3037606832992
2025-10-16 15:39:07.513790+00:00,40897.1779172145,40946.89539361535,40809.256574075946,40871.04129809607,882.0144860308465
2025-10-16 15:40:07.513790+00:00,40925.432830794365,41018.52770034506,40802.45788699701,40871.410562100165,708.8620471995218
2025-10-16 15:41:07.513790+00:00,40792.47120434753,40876.178676696436,40727.34790664338,40836.79223613102,195.93372727719165
2025-10-16 15:42:07.513790+00:00,40915.3966799423,40954.37472594512,40817.67926152017,40949.55352205906,466.2171646505835
2025-10-16 15:43:07.513790+00:00,41052.54705241647,41109.248678515134,40969.86533486343,41043.71025578857,890.6640051712131
2025-10-16 15:44:07.513790+00:00,40923.81750771267,40990.57684626903,40835.32219750976,40916.10679170389,786.0566212989542
2025-10-16 15:45:07.513790+00:00,41059.522453357866,41141.30587497537,41011.27851441623,41023.29941995329,590.0401881647646
2025-10-16 15:46:07.513790+00:00,41021.59504721546,41090.12391764281,40981.977778054534,41053.47776415567,725.920486020876
2025-10-16 15:47:07.513790+00:00,41142.08100729213,41171.84897251478,41104.75582812919,41148.09455942735,304.54266453683636
2025-10-16 15:48:07.513790+00:00,41300.224087807335,41420.070634624135,41238.27505320637,41353.24935476863,517.1446394205151
2025-10-16 15:49:07.513790+00:00,41306.34426184813,41406.60722730101,41258.42607408515,41354.699048787385,123.07785922579211
2025-10-16 15:50:07.513790+00:00,41227.11685015707,41270.89390736273,41169.099613234335,41231.011629273045,580.2422920541906
2025-10-16 15:51:07.513790+00:00,41164.831133711254,41261.82752445773,41093.018826088606,41180.52895058612,959.9713263594413
2025-10-16 15:52:07.513790+00:00,41024.282854203,41042.79368200153,40959.53538278754,41042.03739450371,908.2274940549883
2025-10-16 15:53:07.513790+00:00,41039.09765465159,41113.47961850255,40945.65405197104,41107.45287947359,416.460418515671
2025-10-16 15:54:07.513790+00:00,41059.006705320535,41123.1294551663,41030.51941512434,41097.45179839425,376.56096843365793
2025-10-16 15:55:07.513790+00:00,41156.83629219188,41187.967062107484,41069.41645174505,41130.44983007614,744.5356068008742
2025-10-16 15:56:07.513790+00:00,41186.51442738558,41212.79554679845,41168.39949243211,41200.606937464756,713.0060685684846
2025-10-16 15:57:07.513790+00:00,41178.69605126958,41283.973181038964,41168.008358960105,41213.068554866724,610.5809976660132
2025-10-16 15:58:07.513790+00:00,41331.56190258588,41450.5528764115,41250.962647608365,41402.19831173951,595.2038879406356
2025-10-16 15:59:07.513790+00:00,41283.781194177434,41437.89541267202,41223.6200121628,41342.75507845135,837.2699734841112
2025-10-16 16:00:07.513790+00:00,41639.87750388575,41661.08198787657,41513.1667358607,41574.2648347458,469.9256228260342
2025-10-16 16:01:07.513790+00:00,41698.00972261408,41739.36804259748,41674.32266671663,41704.02590466721,802.4729637194756
2025-10-16 16:02:07.513790+00:00,41555.7884402406,41652.943093902024,41489.03345031145,41610.56926853715,185.98178245120135
2025-10-16 16:03:07.513790+00:00,41483.60451934733,41542.26536566488,41449.59393397891,41466.3953547534,763.1863704497639
2025-10-16 16:04:07.513790+00:00,41555.74553615831,41565.31699171033,41488.775949808434,41491.13980841307,677.7743503989394
2025-10-16 16:05:07.513790+00:00,41507.82895348028,41531.02366309188,41462.698691552265,41501.78929114281,635.0287016675558
2025-10-16 16:06:07.513790+00:00,41568.19628516653,41630.94212655778,41498.68182976177,41617.2981513021,463.8868912938629
2025-10-16 16:07:07.513790+00:00,41608.66332323053,41706.84675343623,41509.53772386031,41637.60313830379,215.5548605087127
2025-10-16 16:08:07.513790+00:00,41568.9714354107,41688.833043885796,41541.555368754714,41630.99435218515,171.47743209008794
2025-10-16 16:09:07.513790+00:00,41482.44692362509,41582.48691860373,41450.10976741354,41563.300186131855,303.9907620042892
2025-10-16 16:10:07.513790+00:00,41357.89600678005,41409.80198587088,41322.57750411225,41329.338760471466,820.3208570401254
2025-10-16 16:11:07.513790+00:00,41301.116089181196,41419.75398120675,41236.02835227647,41331.7460724506,579.6620078962018
2025-10-16 16:12:07.513790+00:00,41395.818135734036,41463.633647248134,41296.40419961192,41396.68495172832,695.6552708644408
2025-10-16 16:13:07.513790+00:00,41440.57247657252,41504.37974708781,41434.558242312436,41457.85918585944,606.0671342901188
2025-10-16 16:14:07.513790+00:00,41355.98278541486,41424.983274496924,41257.65718233418,41277.750551200086,582.2449160257731
2025-10-16 16:15:07.513790+00:00,41287.20599451411,41398.191776064785,41252.44884209021,41322.57544317526,698.4205520384962
2025-10-16 16:16:07.513790+00:00,41395.61508360129,41432.25207765581,41355.68349202036,41408.78786947027,237.1744119973757
2025-10-16 16:17:07.513790+00:00,41326.93269411805,41380.9284071461,41236.181111257,41320.384440694645,568.862179544838
2025-10-16 16:18:07.513790+00:00,41305.41542329704,41380.94246534672,41239.19794934484,41251.96929770836,843.4608672272756
2025-10-16 16:19:07.513790+00:00,41327.080535108405,41330.69657316088,41289.43936052113,41319.75219611566,336.8013129197586
2025-10-16 16:20:07.513790+00:00,41170.59433730545,41264.29011960855,41087.96474716344,41143.34497123468,374.97187959222117
2025-10-16 16:21:07.513790+00:00,41210.05758430056,41275.13911997967,41158.489641530905,41215.07968664361,927.4527758929756
2025-10-16 16:22:07.513790+00:00,41276.13423352053,41410.79618248679,41255.2831820848,41325.65368671228,937.5356931795246
2025-10-16 16:23:07.513790+00:00,41346.37964933603,41454.550309744256,41258.58221729152,41416.487980396596,881.2510210967054
2025-10-16 16:24:07.513790+00:00,41520.71575476273,41551.18366867253,41511.034330076545,41519.12625838167,462.6821608886453
2025-10-16 16:25:07.513790+00:00,41319.70872945391,41406.461359499284,41222.14770936792,41371.851386845505,676.8748696107988
2025-10-16 16:26:07.513790+00:00,41290.821830327186,41377.02327855445,41129.5505221866,41221.82624123793,538.3557269370424
2025-10-16 16:27:07.513790+00:00,41320.70259445971,41354.042143500956,41270.44598681337,41336.558280774916,458.7967249950818
2025-10-16 16:28:07.513790+00:00,41326.09329499206,41355.02656894353,41323.512104297115,41348.209338004985,221.6496602393405
2025-10-16 16:29:07.513790+00:00,41459.272175565355,41555.854391680674,41374.66383016293,41417.91361799594,380.6345197767336
2025-10-16 16:30:07.513790+00:00,41798.84799975593,41809.414468182105,41728.10235086618,41792.1849823352,294.4343642586397
2025-10-16 16:31:07.513790+00:00,41867.28166003101,41885.54545909391,41861.14669731994,41870.342973781044,802.6854274615959
2025-10-16 16:32:07.513790+00:00,41964.85947093622,42064.3461026532,41918.917752010195,41924.695808109835,725.5317059726979
2025-10-16 16:33:07.513790+00:00,42112.647497434955,42126.872434303674,42026.05912138796,42038.1976153302,372.947632810836
2025-10-16 16:34:07.513790+00:00,42089.52331114025,42154.864044021604,42038.58109832527,42148.6348642086,997.0271684676791
2025-10-16 16:35:07.513790+00:00,42129.28883252576,42159.91419460442,42047.02416576909,42109.413749398256,574.3373175204865
2025-10-16 16:36:07.513790+00:00,42166.39706601352,42255.05748753756,42091.88130041637,42136.8597652985,275.16026063868856
2025-10-16 16:37:07.513790+00:00,42083.28214125845,42170.6729709803,42009.92070320231,42087.91918142361,792.3744042772058
2025-10-16 16:38:07.513790+00:00,42023.92747193959,42112.57416047824,42022.00824425728,42064.4397453147,333.8318878705308
2025-10-16 16:39:07.513790+00:00,42050.31697302603,42103.847986171284,41966.47877408499,41987.998961286714,110.90869717950395
2025-10-16 16:40:07.513790+00:00,42006.5955504124,42160.216491331754,41910.63788598029,42080.06278014345,539.0686395337261
2025-10-16 16:41:07.513790+00:00,42224.91488118754,42314.17494367316,42140.47917291358,42268.737210217165,188.2743227058201
2025-10-16 16:42:07.513790+00:00,42076.038855762796,42108.5064484518,41968.48390079124,42042.21960853002,528.4163164318899
2025-10-16 16:43:07.513790+00:00,42133.42958961265,42181.23306579567,42054.927935228945,42135.28838895507,902.876220046211
2025-10-16 16:44:07.513790+00:00,42030.1026426295,42061.6433322043,41944.44604199598,42013.259512604636,493.8428116498527
2025-10-16 16:45:07.513790+00:00,41912.843049604766,41975.30578023899,41822.66685039122,41971.46314534276,515.3297181622607
2025-10-16 16:46:07.513790+00:00,42059.99119477772,42151.71821338813,41996.324226561,42062.20643931747,652.5402262840556
2025-10-16 16:47:07.513790+00:00,42009.364253062515,42069.556751282675,41935.62087619037,42054.53985120097,560.999728731407
2025-10-16 16:48:07.513790+00:00,41962.94734913435,41971.426550738935,41827.459522467485,41899.09186127375,164.87590239880603
2025-10-16 16:49:07.513790+00:00,41830.51987306405,41926.170012894,41750.8542118651,41824.605047811005,417.92626765185776
2025-10-16 16:50:07.513790+00:00,41921.007533309756,42003.78965127369,41854.87047220272,41926.324298155574,266.67601108072114
2025-10-16 16:51:07.513790+00:00,41835.728245542676,41901.75851751281,41751.71961075844,41828.15687698061,338.54178549250366
2025-10-16 16:52:07.513790+00:00,41842.05766707056,41944.966341199615,41812.513189322824,41848.180337715115,792.3008330543203
2025-10-16 16:53:07.513790+00:00,41906.986711843274,41927.55543806283,41870.575677107205,41882.71431892314,653.51167123498
2025-10-16 16:54:07.513790+00:00,41856.823698261054,41909.85391158597,41839.55562320822,41843.750745551384,971.6398998349454
2025-10-16 16:55:07.513790+00:00,42073.62614829526,42171.623181231145,41962.84877383627,42023.0369327999,624.1803923865218
2025-10-16 16:56:07.513790+00:00,42131.95394930456,42203.97147090377,42119.144374667936,42138.32361017062,404.44075539504854
2025-10-16 16:57:07.513790+00:00,41947.44073672845,41984.657439112205,41833.88624558581,41877.09393388023,495.46449072500695
2025-10-16 16:58:07.513790+00:00,41934.57176242224,41991.65465913051,41922.42162479214,41967.585387947256,277.72344087394356
2025-10-16 16:59:07.513790+00:00,41895.79164771688,41924.38232664079,41790.085545064605,41871.68023896147,875.2329967270924
2025-10-16 17:00:07.513790+00:00,41976.9939250446,42009.459246556864,41901.48973216997,41984.235144539525,514.485547546726
2025-10-16 17:01:07.513790+00:00,41897.29027262131,41974.93501727128,41820.323301280354,41885.93948504846,259.6858925227362
2025-10-16 17:02:07.513790+00:00,41856.1194650753,41993.82255378778,41851.8020914956,41900.083747138066,248.3333341564934
2025-10-16 17:03:07.513790+00:00,41865.28837842911,42006.49202506788,41843.93724179804,41924.713492082185,555.2674236566461
2025-10-16 17:04:07.513790+00:00,42022.761323301784,42076.98504385097,41952.93640593141,42011.97117497729,557.524492224652
2025-10-16 17:05:07.513790+00:00,41848.41622492697,41944.05210928601,41761.083933340895,41875.163579080996,672.6622185813233
2025-10-16 17:06:07.513790+00:00,41861.323409915305,41907.47915735729,41800.28525772374,41801.21841970645,322.01097806946075
2025-10-16 17:07:07.513790+00:00,41810.3628966062,41846.815530188556,41770.213465020075,41836.897720229834,820.0638718292436
2025-10-16 17:08:07.513790+00:00,41692.78736530041,41801.19942637072,41631.188820274394,41727.89229676775,269.2222611538745
2025-10-16 17:09:07.513790+00:00,41884.46768273421,41982.731055727374,41883.94472137992,41927.30840431417,784.8916840252845
2025-10-16 17:10:07.513790+00:00,41892.958532455756,41984.24883125138,41797.15118444382,41964.00077523486,431.14667617187604
2025-10-16 17:11:07.513790+00:00,41796.03216316204,41826.59258471106,41690.56273037865,41778.227806561474,996.7009038645226
2025-10-16 17:12:07.513790+00:00,41891.956149284386,41972.193353149436,41803.33657123788,41899.98625932916,633.7399007681057
2025-10-16 17:13:07.513790+00:00,42106.49338575275,42178.16481466951,42106.17155939232,42108.60300001983,657.6304037138566
2025-10-16 17:14:07.513790+00:00,42206.13664303422,42259.3061391001,42147.31641633938,42250.00707511779,532.8756008975114
2025-10-16 17:15:07.513790+00:00,42082.882897985204,42140.88127672802,41968.98724604703,42025.13570484298,604.5940849745539
2025-10-16 17:16:07.513790+00:00,42030.5757047677,42118.37263179877,42003.593632754884,42037.87373183069,842.5444691620559
2025-10-16 17:17:07.513790+00:00,42146.74362125307,42152.59871417747,42071.20004907055,42104.623880940155,806.4072794003208
2025-10-16 17:18:07.513790+00:00,42096.91919993894,42156.73950857624,42052.899300143385,42105.01260293208,232.70727403565556
2025-10-16 17:19:07.513790+00:00,42103.3523246404,42122.79502886482,42081.29112936928,42113.934985896856,638.402764657365
2025-10-16 17:20:07.513790+00:00,42221.56276604632,42341.14253889605,42157.306246092805,42247.83120576169,479.1232479646648
2025-10-16 17:21:07.513790+00:00,42118.92114393541,42145.70218836495,42077.930654965785,42133.868569272614,855.8220570720555
2025-10-16 17:22:07.513790+00:00,42087.73416705172,42165.31503506735,42069.28654173836,42106.53809898113,426.01189748705957
2025-10-16 17:23:07.513790+00:00,41758.675266725695,41761.09444311483,41644.67410433714,41727.84380870471,345.7637289755312
2025-10-16 17:24:07.513790+00:00,41674.59325034195,41768.661174853485,41626.72825519037,41652.657931076945,486.69113146504156
2025-10-16 17:25:07.513790+00:00,41684.80158362722,41703.41172541185,41601.45758427837,41681.721915257935,512.3681980641034
2025-10-16 17:26:07.513790+00:00,41521.047127590806,41529.10727896652,41413.30430692649,41486.09823762387,546.8150371197698
2025-10-16 17:27:07.513790+00:00,41679.67644103696,41785.49348353979,41663.78562427002,41708.94219364068,649.2026345298772
2025-10-16 17:28:07.513790+00:00,41506.51264120714,41633.81025720899,41410.8511790988,41568.11474158228,162.06221472077905
2025-10-16 17:29:07.513790+00:00,41454.678256424806,41503.36206015259,41429.980376517604,41477.191491779,915.629122468933
2025-10-16 17:30:07.513790+00:00,41487.00146202323,41565.181640892944,41442.02747777818,41489.24181465115,799.0395012596631
2025-10-16 17:31:07.513790+00:00,41612.71078670133,41658.292650330564,41606.4454663558,41654.93129031223,915.7937080099698
2025-10-16 17:32:07.513790+00:00,41476.51249293871,41556.93958431454,41441.778160312824,41515.83002405447,909.8500111185452
2025-10-16 17:33:07.513790+00:00,41581.08667072,41741.62274308136,41525.06985237381,41645.283299660005,943.1402158297826
2025-10-16 17:34:07.513790+00:00,41585.15342507301,41647.82274814803,41512.07132857494,41621.806969051824,983.167381447522
2025-10-16 17:35:07.513790+00:00,41507.42977828403,41567.00399546299,41450.89675282687,41547.194232187016,517.5392380195026
2025-10-16 17:36:07.513790+00:00,41625.187652429086,41660.13828963777,41577.43026824679,41588.83984673558,236.1221458614411
2025-10-16 17:37:07.513790+00:00,41570.42478201841,41658.05136094143,41514.302503190156,41572.989755157316,571.0518202369299
2025-10-16 17:38:07.513790+00:00,41499.34828849433,41646.1668009632,41492.58145230433,41573.88537064235,737.0515875067919
2025-10-16 17:39:07.513790+00:00,41549.20543154067,41595.03549569353,41454.554515668075,41503.02414438108,249.19708614694818
2025-10-16 17:40:07.513790+00:00,41550.89006482026,41617.79229855317,41495.08823116824,41541.3177872683,470.58898742605766
2025-10-16 17:41:07.513790+00:00,41532.769331360454,41538.996641948645,41470.964906709014,41522.215171586045,825.7632555095555
2025-10-16 17:42:07.513790+00:00,41579.80903985716,41658.43685979556,41518.94433163929,41539.08070985289,332.75875139923494
2025-10-16 17:43:07.513790+00:00,41708.95736905522,41801.18339076801,41657.018783104824,41725.508240199146,284.39314673564127
2025-10-16 17:44:07.513790+00:00,41656.488191644516,41743.72121182907,41632.60857050636,41656.663369324466,506.11540976288927
2025-10-16 17:45:07.513790+00:00,41880.507486909024,41883.22422903158,41852.68930979988,41859.20976892593,517.5382391310995
2025-10-16 17:46:07.513790+00:00,41677.72176192884,41727.50301273227,41630.122551142296,41640.66992113796,691.1020942518646
2025-10-16 17:47:07.513790+00:00,41653.83154789915,41731.392732991684,41513.215567199804,41609.66323258988,283.3898132149202
2025-10-16 17:48:07.513790+00:00,41682.785915607055,41762.07135751044,41601.40741170792,41659.16674829604,671.1241757952733
2025-10-16 17:49:07.513790+00:00,41738.34355522268,41829.85256206338,41644.84629980272,41698.149186527335,242.15934055181322
2025-10-16 17:50:07.513790+00:00,41665.87209909591,41707.28449002961,41580.15417339603,41675.608322322856,915.5289292891898
2025-10-16 17:51:07.513790+00:00,41603.16041098109,41687.8932623197,41582.95884414084,41673.822109514826,265.8023553142235
2025-10-16 17:52:07.513790+00:00,41615.56883977821,41630.779268100436,41547.56678217308,41591.59912400992,653.7682225628218
2025-10-16 17:53:07.513790+00:00,41475.57980158194,41635.835383467886,41425.05912422427,41555.475029923735,970.4139537332534
2025-10-16 17:54:07.513790+00:00,41593.969700712616,41717.396634569115,41530.502573387224,41650.60463468875,249.3594057662065
2025-10-16 17:55:07.513790+00:00,41676.08792721207,41692.31126779032,41629.38336817609,41630.64412017367,603.7801152745443
2025-10-16 17:56:07.513790+00:00,41571.34415406781,41679.56535939424,41563.40349560351,41590.53955409246,758.3468413063262
2025-10-16 17:57:07.513790+00:00,41627.305373808624,41776.28823610075,41573.22599831007,41694.38188471459,739.2185187609804
2025-10-16 17:58:07.513790+00:00,41670.7291428049,41768.574611150856,41624.80262308758,41686.41092137981,422.0184387928976
2025-10-16 17:59:07.513790+00:00,41770.00158809545,41836.926073351235,41752.62542878188,41803.405268614144,740.8126182977027
2025-10-16 18:00:07.513790+00:00,41866.14104883359,41890.12846010918,41779.40977643904,41793.60697541514,413.14727042395
2025-10-16 18:01:07.513790+00:00,41745.678824361115,41840.641118655076,41683.585967613275,41775.52636016691,417.137451948689
2025-10-16 18:02:07.513790+00:00,41728.77037775935,41826.680871560864,41628.34012536112,41691.754339190695,213.63826740805246
2025-10-16 18:03:07.513790+00:00,41786.97273917075,41855.60545883936,41744.90126969013,41751.865384506375,257.3932934583635
2025-10-16 18:04:07.513790+00:00,41865.965735397134,41949.669847921425,41775.18235636346,41803.1099652089,678.5937190528368
2025-10-16 18:05:07.513790+00:00,41847.71690746112,41878.2479751308,41808.30288778753,41829.56732542464,129.8704191061836
2025-10-16 18:06:07.513790+00:00,41820.42922856509,41949.181349338985,41733.30878033878,41855.35086749414,789.4582988817723
2025-10-16 18:07:07.513790+00:00,41996.64581234519,42022.67449810179,41893.580065296876,41984.29956836746,703.6590807152506
2025-10-16 18:08:07.513790+00:00,41914.68800223432,41959.39355661496,41823.70705893743,41869.74288605762,878.1072485704029
2025-10-16 18:09:07.513790+00:00,41968.01849927205,42065.69853212312,41940.321672817685,41951.39373215032,480.29358548075015
2025-10-16 18:10:07.513790+00:00,41897.33687952703,42058.932479306495,41869.33314657198,41967.12482408658,872.5075091192087
2025-10-16 18:11:07.513790+00:00,41900.58811473336,42037.83949821124,41820.09743704921,41962.44330785156,116.20590004040905
2025-10-16 18:12:07.513790+00:00,42077.525012593294,42108.00012213191,41970.97160960704,42053.911076092925,353.3690785734369
2025-10-16 18:13:07.513790+00:00,42151.0609957413,42221.42959348738,42020.973803161396,42075.043650825886,186.88102317589673
2025-10-16 18:14:07.513790+00:00,42169.32595821064,42216.20275475709,42116.25045293649,42146.376979012486,638.5217358679829
2025-10-16 18:15:07.513790+00:00,42305.408236871044,42379.99568712404,42300.59395327321,42305.67636725088,912.6054956727885
2025-10-16 18:16:07.513790+00:00,42363.011227702584,42422.333384713325,42255.335058772136,42344.565308586105,266.797161575843
2025-10-16 18:17:07.513790+00:00,42353.87705361204,42449.388982253935,42350.4100269394,42369.931154383914,624.5261515751407
2025-10-16 18:18:07.513790+00:00,42414.49721335274,42466.6417822571,42394.1589801887,42400.523071117364,848.2361629471388
2025-10-16 18:19:07.513790+00:00,42407.26794780018,42416.65367628252,42267.900714744756,42358.863396688415,702.2802366442706
2025-10-16 18:20:07.513790+00:00,42417.28447147737,42479.43091677875,42365.53983630186,42422.253681573915,487.3846692888912
2025-10-16 18:21:07.513790+00:00,42375.75004682407,42464.90294970384,42315.55770372255,42387.51498413083,903.2709609593614
2025-10-16 18:22:07.513790+00:00,42447.90909202657,42527.41080376972,42388.73937579594,42464.280048460525,732.3703957769648
2025-10-16 18:23:07.513790+00:00,42345.49236910279,42383.407880300714,42307.04123633831,42372.98540001988,538.9003617591379
2025-10-16 18:24:07.513790+00:00,42596.2101757884,42686.105961747315,42521.85078417075,42626.04085509248,555.6394535456825
2025-10-16 18:25:07.513790+00:00,42493.79641482151,42519.235572905694,42401.293923976744,42437.47923329726,525.2440195058623
2025-10-16 18:26:07.513790+00:00,42313.53202495535,42350.65099093957,42216.37875586524,42322.96956016044,398.2123063927457
2025-10-16 18:27:07.513790+00:00,42472.98234356632,42534.0603506739,42416.31968747736,42444.38800902895,286.2933205945841
2025-10-16 18:28:07.513790+00:00,42555.60176999601,42556.368173260926,42482.58820615726,42504.49508706745,133.04922625073903
2025-10-16 18:29:07.513790+00:00,42577.1590642697,42680.50112174848,42519.95419993277,42600.2425537905,561.4009533607748
2025-10-16 18:30:07.513790+00:00,42658.53992210386,42762.06791585005,42649.830645424285,42722.36641172633,655.3598645060212
2025-10-16 18:31:07.513790+00:00,42639.35020184602,42713.229870650306,42551.9279493775,42662.48867677853,544.1919223061068
2025-10-16 18:32:07.513790+00:00,42608.46680195294,42650.67152123948,42580.99364940099,42637.52260924968,455.11846803788177
2025-10-16 18:33:07.513790+00:00,42588.00419902303,42678.76529927869,42515.52022424901,42586.9234886957,647.1146926816334
2025-10-16 18:34:07.513790+00:00,42509.042481804216,42655.990299588564,42426.92265354919,42560.484248440065,101.40859467232562
2025-10-16 18:35:07.513790+00:00,42639.25732037805,42665.01804241142,42574.77825146914,42580.73072150392,643.4159076544489
2025-10-16 18:36:07.513790+00:00,42629.57043655876,42667.954324863254,42526.73655812054,42572.36020901609,432.1477195848249
2025-10-16 18:37:07.513790+00:00,42490.46422557876,42595.37430932983,42483.36345912544,42520.25650454899,172.1620126737131
2025-10-16 18:38:07.513790+00:00,42481.70027054855,42607.25297719913,42413.8332748813,42540.39571252684,425.72799175407846
2025-10-16 18:39:07.513790+00:00,42546.88236591336,42610.491970554314,42397.20071043766,42488.52940519529,651.3161215103372
2025-10-16 18:40:07.513790+00:00,42518.513690858745,42530.56953249911,42413.29580633014,42503.541137058724,159.7994599201974
2025-10-16 18:41:07.513790+00:00,42402.318539210246,42403.48920028334,42320.932078322054,42363.135504334816,365.53663688874065
2025-10-16 18:42:07.513790+00:00,42421.89056248443,42435.38440900901,42409.59023297205,42431.01050177812,602.7781568053829
2025-10-16 18:43:07.513790+00:00,42432.1039055328,42535.933683829666,42347.54346923381,42470.70451897047,723.2435440023028
2025-10-16 18:44:07.513790+00:00,42390.08596041743,42441.92763234341,42359.454610539615,42414.389514917864,810.086643928714
2025-10-16 18:45:07.513790+00:00,42344.63097375675,42462.069293535256,42258.87473999062,42379.827056168426,924.9717122570866
2025-10-16 18:46:07.513790+00:00,42366.29253790368,42424.5124125631,42317.9634553407,42355.08069768446,640.9667501202097
2025-10-16 18:47:07.513790+00:00,42248.944167967005,42286.399456669016,42230.54006338196,42247.22608355183,487.4764046159868
2025-10-16 18:48:07.513790+00:00,42051.898618673156,42161.23665385713,42036.452643950826,42126.64890778335,122.90298391517578
2025-10-16 18:49:07.513790+00:00,42030.37702076836,42064.437437426495,42022.31382500043,42029.48501388519,468.6660054057088
2025-10-16 18:50:07.513790+00:00,41975.571816474876,42072.740055887305,41939.112443655125,42012.16213094204,296.1032988294911
2025-10-16 18:51:07.513790+00:00,42074.3444201439,42143.171843721924,42006.88568889012,42020.940985647954,537.0307296934579
2025-10-16 18:52:07.513790+00:00,42125.83011721024,42270.02369772611,42087.40944591165,42173.62195701434,135.09641131742043
2025-10-16 18:53:07.513790+00:00,42211.93798663543,42263.6435771845,42209.60277700261,42247.64108353818,780.5922525551591
2025-10-16 18:54:07.513790+00:00,42238.70085543534,42328.709173736985,42210.15913572436,42221.773031744415,960.3269460597872
2025-10-16 18:55:07.513790+00:00,42222.343605494614,42340.081588635694,42139.672869520466,42279.78730098775,985.6118468894178
2025-10-16 18:56:07.513790+00:00,42119.53454107497,42225.7557353241,42080.98335060128,42186.80754583386,406.3483938290551
2025-10-16 18:57:07.513790+00:00,42142.98344442862,42198.35459296442,42050.08670677071,42104.25718801171,785.711631344383
2025-10-16 18:58:07.513790+00:00,42143.341815995605,42173.575140930756,42078.08746510138,42104.02095483309,275.16145303438475
2025-10-16 18:59:07.513790+00:00,42098.01343405557,42153.51824293221,42001.37169546892,42126.49347371913,601.9379436250395
2025-10-16 19:00:07.513790+00:00,42044.25328538348,42081.49201171437,41999.84891046326,42067.5723415798,663.6108892789574
2025-10-16 19:01:07.513790+00:00,42110.35001608379,42209.73485497376,42013.60663675509,42101.63811296998,661.0653623434961
2025-10-16 19:02:07.513790+00:00,42271.671860323026,42296.9313829695,42232.15808599659,42276.80017218726,135.5135796018094
2025-10-16 19:03:07.513790+00:00,42251.4127131078,42280.9355413652,42155.009828391245,42258.16056775488,918.5091498435178
2025-10-16 19:04:07.513790+00:00,42316.2436051146,42403.240521079366,42284.3027100632,42297.36794444555,811.4588148473965
2025-10-16 19:05:07.513790+00:00,42325.52576213681,42420.04150382019,42237.81670403499,42392.46474699506,949.6378844428581
2025-10-16 19:06:07.513790+00:00,42287.80123049205,42417.28793187434,42239.460486894735,42319.189194058075,877.1927702630907
2025-10-16 19:07:07.513790+00:00,42354.20403394571,42382.782389498294,42312.54156341592,42332.86387252453,785.6183722399275
2025-10-16 19:08:07.513790+00:00,42335.244172493054,42396.95021603094,42277.51626956974,42347.717668030826,879.019431062097
2025-10-16 19:09:07.513790+00:00,42404.43166602398,42487.18355823461,42270.66337305755,42347.11615252302,616.176056310016
2025-10-16 19:10:07.513790+00:00,42324.66146764129,42335.58788867225,42163.70800813739,42249.10420483293,495.23483497037347
2025-10-16 19:11:07.513790+00:00,42316.2046561267,42327.062550587434,42227.858179828094,42320.81679122553,503.48714983248
2025-10-16 19:12:07.513790+00:00,42332.35084873096,42436.605111612866,42330.43923928798,42343.966850939854,529.1591214860354
2025-10-16 19:13:07.513790+00:00,42495.19416485309,42567.94589953357,42481.750651912276,42498.69265637986,369.4560295345131
2025-10-16 19:14:07.513790+00:00,42558.22059576026,42630.66875122796,42537.15009937354,42602.79276398651,961.7032171342865
2025-10-16 19:15:07.513790+00:00,42738.55361748106,42905.131504423654,42655.70668753615,42837.449374537915,365.15745671157384
2025-10-16 19:16:07.513790+00:00,42662.36406044761,42818.13394423713,42588.316447252255,42734.71948453706,228.56525857075474
2025-10-16 19:17:07.513790+00:00,42823.50738857867,42890.91092613074,42746.89579529911,42825.056874563736,861.329295709959
2025-10-16 19:18:07.513790+00:00,42827.85920835056,42876.62198931728,42767.59433485662,42775.35926832378,466.78872792918776
2025-10-16 19:19:07.513790+00:00,43026.18973916114,43061.07179255809,42980.980264783466,42992.0800746626,827.4116890083
2025-10-16 19:20:07.513790+00:00,42999.41806430951,43094.92958503868,42859.62324930518,42911.880909238855,369.6091101584865
2025-10-16 19:21:07.513790+00:00,42828.3632850226,42950.191058751094,42757.65463729593,42870.73950430202,145.20341031757638
2025-10-16 19:22:07.513790+00:00,42768.02799648737,42830.55419061864,42744.78956418177,42801.025141213846,352.9040490178422
2025-10-16 19:23:07.513790+00:00,42628.6965148493,42681.78131533555,42538.08541463604,42641.27104588279,389.34613112309376
2025-10-16 19:24:07.513790+00:00,42543.416436985906,42607.46404120349,42420.47752661565,42518.37563813313,643.1437864390408
2025-10-16 19:25:07.513790+00:00,42455.64088060751,42496.933284641746,42366.77497258097,42484.64121679521,552.7755557018527
2025-10-16 19:26:07.513790+00:00,42479.83382504774,42555.96371596807,42472.65624442509,42493.48532968913,714.3554991010622
2025-10-16 19:27:07.513790+00:00,42493.26761645305,42622.72319111058,42412.8717656978,42540.46971167216,597.2508706671002
2025-10-16 19:28:07.513790+00:00,42708.70852157415,42786.24313661447,42643.83819043235,42670.97912847702,547.0258805361518
2025-10-16 19:29:07.513790+00:00,42780.161325454435,42843.11709514361,42759.68354897937,42765.116752461654,773.78071071358
2025-10-16 19:30:07.513790+00:00,42725.80223012155,42776.91514404528,42689.371829043135,42694.057019895896,348.5526020388095
2025-10-16 19:31:07.513790+00:00,42674.89973220618,42758.83358144178,42610.08905335693,42610.47104562279,322.141482281712
2025-10-16 19:32:07.513790+00:00,42727.48440622647,42737.67364503307,42648.99762370415,42685.02101558419,343.353957746073
2025-10-16 19:33:07.513790+00:00,42605.641870125255,42684.535117302854,42463.51825718663,42552.70547166771,490.4356776188766
2025-10-16 19:34:07.513790+00:00,42795.510870880076,42891.918712529085,42733.319409438394,42742.248361890954,718.3173398529185
2025-10-16 19:35:07.513790+00:00,42871.841972612456,42935.113160487315,42790.8397399489,42861.22544911233,103.92694268527818
2025-10-16 19:36:07.513790+00:00,42792.238312231006,42913.486149777535,42695.63356171814,42846.84760841972,784.9340112257047
2025-10-16 19:37:07.513790+00:00,42699.306821220336,42729.11204208428,42663.9471083756,42674.48360060069,803.641477010442
2025-10-16 19:38:07.513790+00:00,42804.03171001133,42840.03675660143,42648.75540755464,42744.43538910307,550.361031139181
2025-10-16 19:39:07.513790+00:00,42771.435716940454,42794.82103625493,42734.564999853974,42773.93276385441,432.83193038845894
2025-10-16 19:40:07.513790+00:00,42857.179936554574,42970.35164057801,42774.96194787293,42928.70119738762,865.3132010079058
2025-10-16 19:41:07.513790+00:00,42713.70107412626,42805.465197289705,42625.68540033411,42758.237016873405,294.1666112588087
2025-10-16 19:42:07.513790+00:00,42700.34548639202,42729.875634149204,42679.67928822117,42693.339378586286,686.4757844295489
2025-10-16 19:43:07.513790+00:00,42706.94828214607,42771.4315425483,42625.138179948015,42664.65127070917,741.8861949543559
2025-10-16 19:44:07.513790+00:00,42657.70812319872,42755.549055619485,42620.9295244231,42726.80809597293,152.2827568723148
2025-10-16 19:45:07.513790+00:00,42603.93126979351,42671.125506505414,42520.38324721929,42644.36623883262,113.22404978945846
2025-10-16 19:46:07.513790+00:00,42692.97444666332,42694.90720975508,42676.362756572984,42688.799596473036,472.27840742677176
2025-10-16 19:47:07.513790+00:00,42597.589457302616,42650.683225143825,42529.21880609279,42588.73197358336,108.93143901505206
2025-10-16 19:48:07.513790+00:00,42580.47456630109,42682.318202457456,42512.7203395552,42630.4149744445,380.67747212519487
2025-10-16 19:49:07.513790+00:00,42623.49375134221,42675.62335610762,42525.78537938662,42623.386761714544,212.99519328638803
2025-10-16 19:50:07.513790+00:00,42599.23326342177,42755.269871845005,42587.21254050971,42674.554318108516,339.02454966274547
2025-10-16 19:51:07.513790+00:00,42670.45522107836,42775.34503321162,42618.6591683071,42698.030845819754,413.28603385145925
2025-10-16 19:52:07.513790+00:00,42593.40970504855,42623.389757805075,42491.72526396567,42556.37113812946,976.7749994347214
2025-10-16 19:53:07.513790+00:00,42487.53044118274,42577.386501650224,42326.864013619044,42405.183854948904,802.3385112138824
2025-10-16 19:54:07.513790+00:00,42576.39161657456,42606.68318945788,42563.82308407421,42570.39256996965,305.4118271443292
2025-10-16 19:55:07.513790+00:00,42588.483805369964,42686.97558950285,42541.10282253017,42612.23114884318,152.06000450244454
2025-10-16 19:56:07.513790+00:00,42584.75376831532,42663.272722630165,42484.11442996949,42583.247220125915,590.0340995202366
2025-10-16 19:57:07.513790+00:00,42740.36682079407,42776.93489562021,42629.11236302975,42651.65048983043,276.249775720843
2025-10-16 19:58:07.513790+00:00,42669.73774408731,42796.030998929375,42611.90790414527,42717.898813354645,232.26643862938872
2025-10-16 19:59:07.513790+00:00,42854.699544597774,42893.51611521047,42769.769608767194,42837.1826383208,333.9144813185495
2025-10-16 20:00:07.513790+00:00,42814.85823659485,42901.13805062578,42767.85940977906,42872.087600058636,901.1270236564131
2025-10-16 20:01:07.513790+00:00,43057.18594326039,43071.916247688285,42991.849971772914,42992.63413085011,667.829611206247
2025-10-16 20:02:07.513790+00:00,43206.71523501899,43302.50864712467,43122.409405173625,43175.37537756818,317.7039647016003
2025-10-16 20:03:07.513790+00:00,43187.11183474552,43212.63743270092,43159.64145324073,43205.01351090356,826.2689417955943
2025-10-16 20:04:07.513790+00:00,43280.175059765745,43332.14788714966,43275.78506550144,43288.866286928715,249.17480183814033
2025-10-16 20:05:07.513790+00:00,43343.30033155819,43348.29823442415,43235.299747819605,43319.66471422479,983.0732762477043
2025-10-16 20:06:07.513790+00:00,43514.92361083691,43545.1855286394,43418.860913285585,43520.987815607696,277.2331340080856
2025-10-16 20:07:07.513790+00:00,43434.2599584154,43509.771187350416,43336.14558523622,43438.59890677581,612.5858016103933
2025-10-16 20:08:07.513790+00:00,43433.67630169667,43510.7778054835,43426.36814549397,43451.42171194562,660.1089381555215
2025-10-16 20:09:07.513790+00:00,43611.68235574025,43690.94186736909,43441.78545766444,43532.5753370424,949.3314335381988
2025-10-16 20:10:07.513790+00:00,43433.70418386226,43531.43497466141,43314.10556658042,43389.83658729387,245.5042926132657
2025-10-16 20:11:07.513790+00:00,43267.05478280193,43315.93192127425,43202.99326444705,43291.19788969234,699.9404311419573
2025-10-16 20:12:07.513790+00:00,43031.71152875998,43149.11277672226,42981.821962306385,43071.9500856244,110.89280509849668
2025-10-16 20:13:07.513790+00:00,42989.404717842604,43116.82321217485,42966.53703988224,43024.20380533167,670.9273199845185
2025-10-16 20:14:07.513790+00:00,43082.462683583595,43177.22630444037,43009.5765393566,43092.42209548022,185.85934958188955
2025-10-16 20:15:07.513790+00:00,43253.361003822516,43301.450018482814,43147.16437691829,43213.407778088396,206.6523612383364
2025-10-16 20:16:07.513790+00:00,43246.788773656765,43349.637044781666,43147.463272114466,43257.68394231606,140.42016909605428
2025-10-16 20:17:07.513790+00:00,43456.86262667252,43496.10844529547,43342.50774362851,43417.93424096321,926.5837889308677
2025-10-16 20:18:07.513790+00:00,43337.84454795174,43373.55666388179,43221.70903851944,43300.463947105316,325.90124493607027
2025-10-16 20:19:07.513790+00:00,43128.82084744932,43194.48395482011,43084.23139942911,43108.27129071846,272.43365116134316
2025-10-16 20:20:07.513790+00:00,43158.682583343856,43209.27837411735,43054.95376467497,43077.039042971264,135.0369669931007
2025-10-16 20:21:07.513790+00:00,43108.86710139938,43209.46443223142,43080.619227001676,43122.78739678082,955.4132535177662
2025-10-16 20:22:07.513790+00:00,43160.15797405975,43218.166857526696,43093.98732521508,43145.657163737706,782.8986283815926
2025-10-16 20:23:07.513790+00:00,42923.50114135413,43019.9660041702,42828.85549003909,42930.556573916874,903.302404737827
2025-10-16 20:24:07.513790+00:00,42928.28433020129,43012.00965443636,42878.530344986684,42964.37608110625,284.21209815155555
2025-10-16 20:25:07.513790+00:00,42815.00561108093,42848.16208098765,42689.003150368415,42774.50617053041,286.3682282897697
2025-10-16 20:26:07.513790+00:00,42829.97566415543,42924.054116205734,42779.068551103184,42829.760594899366,468.4708646353165
2025-10-16 20:27:07.513790+00:00,42940.60751834856,42976.321356350374,42871.24571260118,42943.102253038815,794.010534266698
2025-10-16 20:28:07.513790+00:00,42830.99675030162,42918.58505865333,42726.781733821445,42780.69118909504,354.2251837330033
2025-10-16 20:29:07.513790+00:00,42756.667808425125,42769.454488547366,42641.347423869665,42717.90209892125,100.01047127982953
2025-10-16 20:30:07.513790+00:00,42649.8802205407,42665.938097801125,42552.57240424347,42660.47465580103,303.5127981247048
2025-10-16 20:31:07.513790+00:00,42632.375599928775,42655.41726614051,42632.20259698202,42632.34997919065,756.4103146791967
2025-10-16 20:32:07.513790+00:00,42794.154509995205,42860.45922917555,42645.70967564791,42719.89930834378,863.5828411814723
2025-10-16 20:33:07.513790+00:00,42641.16027508308,42673.68978848538,42557.928312635915,42629.190445945766,835.1015198550724
2025-10-16 20:34:07.513790+00:00,42667.46340370917,42776.59012742419,42586.79405173969,42686.39610774928,986.3725624862283
2025-10-16 20:35:07.513790+00:00,42671.70107106447,42730.76485446393,42569.49433977432,42635.595765199054,170.61023468541157
2025-10-16 20:36:07.513790+00:00,42571.43865778041,42604.6531751174,42493.375486037854,42587.92104471729,625.3955024627005
2025-10-16 20:37:07.513790+00:00,42601.50810444433,42628.040718199874,42450.37276776527,42510.528155695254,366.9039209853376
2025-10-16 20:38:07.513790+00:00,42474.204110039755,42488.91381829147,42422.81866361908,42478.66222188482,558.0015000319503
2025-10-16 20:39:07.513790+00:00,42384.32484011947,42523.43988134221,42314.60390192851,42440.68924935489,742.8939721614978
2025-10-16 20:40:07.513790+00:00,42273.78058822034,42389.16796867402,42200.88248205476,42319.70842594869,875.5218134086107
2025-10-16 20:41:07.513790+00:00,42451.488646064885,42524.31263781298,42416.9544508404,42504.788577517334,402.04940884285844
2025-10-16 20:42:07.513790+00:00,42525.46038916675,42595.577375325774,42440.555888541094,42513.26156470263,605.8655149623139
2025-10-16 20:43:07.513790+00:00,42452.34435823943,42490.39612922642,42390.95763312366,42407.26116681682,807.5850870349522
2025-10-16 20:44:07.513790+00:00,42452.47767580956,42454.99701720548,42333.569053682615,42417.46878645442,110.27618510866627
2025-10-16 20:45:07.513790+00:00,42438.17045559583,42508.59232142035,42414.67311509623,42464.82618860553,734.3839090390435
2025-10-16 20:46:07.513790+00:00,42427.416331881155,42524.11985940677,42395.17967712158,42400.34654928738,554.3160384740753
2025-10-16 20:47:07.513790+00:00,42478.9655824162,42511.30979598964,42398.965234239826,42493.38423479886,597.4363681466907
2025-10-16 20:48:07.513790+00:00,42522.526326887666,42609.05590277856,42480.31514072861,42496.04246154658,378.8090732881893
2025-10-16 20:49:07.513790+00:00,42458.82539712387,42584.23254676759,42379.15725740473,42516.9622473467,325.4211089132491
2025-10-16 20:50:07.513790+00:00,42434.72642982385,42518.00946750268,42338.8049121294,42429.41361817753,110.94109432964812
2025-10-16 20:51:07.513790+00:00,42412.13584205387,42467.0217085616,42321.15415715559,42349.91743005996,376.0989395699271
2025-10-16 20:52:07.513790+00:00,42149.83758401967,42210.07597514626,42076.56767896064,42176.67097857939,464.07464701648274
2025-10-16 20:53:07.513790+00:00,41969.857947485565,42069.97444416225,41926.581259525636,42041.398611702985,716.8994948997114
2025-10-16 20:54:07.513790+00:00,42132.9556699139,42170.347774615184,42010.92376154427,42105.3686198137,677.5609575687024
2025-10-16 20:55:07.513790+00:00,42331.354740415874,42351.25395431182,42285.60165450269,42327.43504091292,775.8458185269865
2025-10-16 20:56:07.513790+00:00,42249.44051134883,42294.72041004907,42206.238618589385,42267.08849920249,982.3318668479666
2025-10-16 20:57:07.513790+00:00,42303.709172567476,42366.76548553837,42206.6415180265,42348.82901733715,201.97315425471777
2025-10-16 20:58:07.513790+00:00,42368.44403358961,42472.32787463965,42326.17116990021,42401.872431836906,411.8717511574464
2025-10-16 20:59:07.513790+00:00,42675.733252054255,42696.26654592493,42614.095670758936,42662.39964051483,341.68038046084655
2025-10-16 21:00:07.513790+00:00,42776.675671832156,42910.45884485987,42716.31195177622,42813.60511168988,169.28152035846966
2025-10-16 21:01:07.513790+00:00,42742.69610757975,42860.00914730963,42733.4894089715,42830.2800682789,639.1401284353434
2025-10-16 21:02:07.513790+00:00,42701.94857996334,42731.17438693193,42700.437511541895,42704.43418414618,968.5138325090247
2025-10-16 21:03:07.513790+00:00,42504.02837467766,42617.20468590168,42443.027632969715,42546.5416989138,381.6166547922834
2025-10-16 21:04:07.513790+00:00,42526.39505907168,42645.661825326715,42431.721686179335,42559.052261965546,195.31522396338187
2025-10-16 21:05:07.513790+00:00,42439.133220426615,42591.77750787863,42350.83383794364,42518.12398504515,282.3693707218089
2025-10-16 21:06:07.513790+00:00,42340.18357531802,42419.550136193524,42299.36840623135,42351.53894764883,113.85540252217763
2025-10-16 21:07:07.513790+00:00,42275.06030546325,42320.08573007754,42146.3197521924,42242.07785370079,459.13178587819124
2025-10-16 21:08:07.513790+00:00,42192.59306008783,42259.83910989033,42029.76626455242,42127.46695999631,191.7037907856431
2025-10-16 21:09:07.513790+00:00,42278.15905715136,42329.94789049704,42203.32062218374,42320.6853421919,923.093797463703
2025-10-16 21:10:07.513790+00:00,42408.89313589446,42452.33346779512,42319.01742105413,42391.36220283913,108.14874542233389
2025-10-16 21:11:07.513790+00:00,42423.639173440395,42489.79176767026,42399.436965442306,42426.022942980664,742.6474510403141
2025-10-16 21:12:07.513790+00:00,42521.8273370141,42620.362226693054,42447.955021941445,42532.615222027605,112.37099861021073
2025-10-16 21:13:07.513790+00:00,42545.262645182665,42572.343277986365,42517.10969041701,42541.865667445,156.27366616856116
2025-10-16 21:14:07.513790+00:00,42480.19065067255,42568.243118963226,42412.90348381274,42507.56994649148,173.03426068261524
2025-10-16 21:15:07.513790+00:00,42681.758077757506,42762.26710960707,42588.159809619945,42670.458190124125,939.4394573194852
2025-10-16 21:16:07.513790+00:00,42694.92540771966,42756.603768504916,42586.24006352826,42660.52821289506,764.1256540186229
2025-10-16 21:17:07.513790+00:00,42588.92029809234,42626.03159193535,42451.54460676267,42543.62126760901,626.0040187816834
2025-10-16 21:18:07.513790+00:00,42571.574722192854,42608.41961418451,42455.09227039019,42544.626879305506,699.8167427741521
2025-10-16 21:19:07.513790+00:00,42508.918405204044,42571.94312714966,42450.77588396125,42475.614244835575,734.9147472551376
2025-10-16 21:20:07.513790+00:00,42334.65986280271,42401.08651337154,42241.03180065582,42336.154280913855,157.60571194775883
